label,n_windows,fraction
non_seizure,23324,0.7340592937621955
seizure,8450,0.26594070623780447
